Metric,Value
Final Loss,0.07538618395477534
Final Style Loss,0.01370910978934262
Final Diversity Loss,-0.030005259356461464
Average Contrast,0.053501658858284354
Average Sharpness,0.013043016605321318
Average Color Diversity,0.026780957929380237
