{
  "total_files_processed": 7985,
  "failed_files": 15,
  "success_rate": 99.81214777708203,
  "spectral_centroid_mean": 1901.4105109341488,
  "spectral_centroid_std": 709.3422013742171,
  "spectral_bandwidth_mean": 2090.49841027968,
  "spectral_bandwidth_std": 550.2208266972511,
  "spectral_rolloff_mean": 3923.417194499389,
  "spectral_rolloff_std": 1566.9536621676964,
  "spectral_flatness_mean": 0.015344122420455287,
  "spectral_flatness_std": 0.023867005241183473,
  "spectral_flux_mean": 1.3733598486613958,
  "spectral_flux_std": 0.4018776222679634,
  "spectral_spread_mean": 618.6035621671182,
  "spectral_spread_std": 312.2867226979259,
  "spectral_skewness_mean": 13.616633687805827,
  "spectral_skewness_std": 5.538993764691256,
  "spectral_kurtosis_mean": 323.70933198992844,
  "spectral_kurtosis_std": 375.760783769291,
  "spectral_slope_mean": 35.73032017459555,
  "spectral_slope_std": 4.5566313863261865,
  "spectral_decrease_mean": 0.4474880826353992,
  "spectral_decrease_std": 2.466595191211498,
  "tempo_mean": 119.1553200415936,
  "tempo_std": 28.781268416449475,
  "zero_crossing_rate_mean": 0.08425771103201747,
  "zero_crossing_rate_std": 0.04413613950501505,
  "rhythm_strength_mean": 1.3733598486613958,
  "rhythm_strength_std": 0.4018776222679634,
  "pulse_clarity_mean": 0.2144175024283452,
  "pulse_clarity_std": 0.04509317172496265,
  "tempo_entropy_mean": -115.41464760472745,
  "tempo_entropy_std": 29.44449003852843,
  "rhythm_regularity_mean": 112712.53425662797,
  "rhythm_regularity_std": 3355358.290809117,
  "harmonic_ratio_mean": 3.5735940903487307,
  "harmonic_ratio_std": 3.049558815698657,
  "rms_mean": 0.1802560959118422,
  "rms_std": 0.09703314550981,
  "energy_mean": 0.04621937821988951,
  "energy_std": 0.050727838670083784,
  "energy_entropy_mean": -2625.171223200967,
  "energy_entropy_std": 221804.65964734973
}