{
  "raw_features": {
    "num_tracks": 7994,
    "feature_types": [
      "spectral_centroid",
      "spectral_bandwidth",
      "spectral_rolloff",
      "spectral_contrast",
      "tempo",
      "zero_crossing_rate",
      "mfcc",
      "mel_spec_mean",
      "chroma_stft",
      "chroma_cens",
      "rms",
      "tonnetz"
    ],
    "statistics": {
      "spectral_centroid": {
        "mean": 1899.6879707695475,
        "std": 710.8227036926069,
        "min": 0.0,
        "max": 6765.746622017714
      },
      "spectral_bandwidth": {
        "mean": 2088.502483707719,
        "std": 553.133209803861,
        "min": 0.0,
        "max": 3493.1993411627664
      },
      "spectral_rolloff": {
        "mean": 3919.5460754269493,
        "std": 1570.3250647582954,
        "min": 0.0,
        "max": 9520.552990807755
      },
      "spectral_contrast": {
        "mean": 23.585242522736504,
        "std": 10.74942277090522,
        "min": 0.0,
        "max": 69.75114871838072
      },
      "tempo": {
        "mean": 121.82650337296974,
        "std": 21.285551075373586,
        "min": 45.333059210526315,
        "max": 215.33203125
      },
      "zero_crossing_rate": {
        "mean": 0.08419512978147495,
        "std": 0.04415390863406656,
        "min": 0.0,
        "max": 0.6269928380373742
      },
      "mfcc": {
        "mean": -0.4129685688018244,
        "std": 47.66427345050269,
        "min": -1131.370849898476,
        "max": 270.38823902864715
      },
      "mel_spec_mean": {
        "mean": 10.01578051248531,
        "std": 57.33249124540406,
        "min": 0.0,
        "max": 7549.088884698286
      },
      "chroma_stft": {
        "mean": 0.3773412614632943,
        "std": 0.14810492421366606,
        "min": 0.0,
        "max": 1.0
      },
      "chroma_cens": {
        "mean": 0.23897345356774505,
        "std": 0.11115697650648253,
        "min": 0.0,
        "max": 0.9002561143594091
      },
      "rms": {
        "mean": 0.18021492761517502,
        "std": 0.0970603426598887,
        "min": 0.0,
        "max": 0.872359573841095
      },
      "tonnetz": {
        "mean": 0.013273551787591977,
        "std": 0.09142213759105706,
        "min": -0.7557178739583434,
        "max": 0.864959561446361
      }
    }
  },
  "reduced_features": {
    "num_tracks": 7994,
    "num_dimensions": 128,
    "mean": -2.3214089990347177e-09,
    "std": 1.2149563060559583,
    "sparsity": 0.0,
    "dimension_stats": {
      "0": {
        "mean": -3.2895431269831914e-08,
        "std": 7.0131430635492675
      },
      "1": {
        "mean": -8.99266128884738e-09,
        "std": 3.9419729815305544
      },
      "2": {
        "mean": 1.161967336382155e-08,
        "std": 3.6350226166454336
      },
      "3": {
        "mean": 7.001335268026073e-09,
        "std": 2.72960922487903
      },
      "4": {
        "mean": -1.4924940486895962e-08,
        "std": 2.4085085073183983
      },
      "5": {
        "mean": -2.3115431544577626e-08,
        "std": 2.2370870465396813
      },
      "6": {
        "mean": 1.839954428275041e-08,
        "std": 2.103342583422084
      },
      "7": {
        "mean": 1.7173844873103644e-09,
        "std": 1.9140709627792545
      },
      "8": {
        "mean": -8.990251139264898e-09,
        "std": 1.8566681161658236
      },
      "9": {
        "mean": 2.426896845441417e-11,
        "std": 1.8048314401426948
      },
      "10": {
        "mean": 2.119742804457971e-08,
        "std": 1.7652726841271167
      },
      "11": {
        "mean": 3.4258419553212653e-09,
        "std": 1.7155710642945177
      },
      "12": {
        "mean": 5.651600531905643e-09,
        "std": 1.6966776075366403
      },
      "13": {
        "mean": 4.063763405008334e-09,
        "std": 1.6641212032778865
      },
      "14": {
        "mean": -4.394896841527135e-09,
        "std": 1.6268676756798972
      },
      "15": {
        "mean": -3.601338253214383e-09,
        "std": 1.5879557073042923
      },
      "16": {
        "mean": -7.312696012124244e-09,
        "std": 1.5279056958707433
      },
      "17": {
        "mean": -5.09593908938078e-09,
        "std": 1.4441453170962686
      },
      "18": {
        "mean": -3.328553737131406e-08,
        "std": 1.4049264986850492
      },
      "19": {
        "mean": 1.9943232347847174e-09,
        "std": 1.3657635415031506
      },
      "20": {
        "mean": -2.9498516115475766e-08,
        "std": 1.3381459089845444
      },
      "21": {
        "mean": 4.6798664476971326e-08,
        "std": 1.3121983390377785
      },
      "22": {
        "mean": 4.5233829351678425e-09,
        "std": 1.2967319585783315
      },
      "23": {
        "mean": 1.0115357749872441e-08,
        "std": 1.243874260302457
      },
      "24": {
        "mean": 7.682579338493715e-09,
        "std": 1.2239132749379618
      },
      "25": {
        "mean": 3.622293052670072e-09,
        "std": 1.2105419566417401
      },
      "26": {
        "mean": 1.6739571961362921e-09,
        "std": 1.1693286690282787
      },
      "27": {
        "mean": 1.1519885161546266e-08,
        "std": 1.1565594582953453
      },
      "28": {
        "mean": 1.802530712310005e-08,
        "std": 1.1118153039960055
      },
      "29": {
        "mean": -4.1434835623178515e-09,
        "std": 1.1001556541117001
      },
      "30": {
        "mean": -3.115243348214367e-08,
        "std": 1.068776417713571
      },
      "31": {
        "mean": -1.4297264903466445e-08,
        "std": 1.055387963345403
      },
      "32": {
        "mean": 1.2608814043451211e-08,
        "std": 1.0393728653915613
      },
      "33": {
        "mean": -4.089301160667422e-09,
        "std": 1.0137129806046898
      },
      "34": {
        "mean": 1.6913734394371926e-08,
        "std": 1.004873066112873
      },
      "35": {
        "mean": -9.285358846696009e-09,
        "std": 0.9793721058560064
      },
      "36": {
        "mean": 2.189987697150425e-09,
        "std": 0.9521896099482893
      },
      "37": {
        "mean": 1.7175767622723353e-09,
        "std": 0.9477002495420576
      },
      "38": {
        "mean": 6.096529117248899e-09,
        "std": 0.9342933854872973
      },
      "39": {
        "mean": -5.08137833405505e-08,
        "std": 0.924706807612025
      },
      "40": {
        "mean": -2.5012574235151187e-09,
        "std": 0.9099266715361344
      },
      "41": {
        "mean": 7.115340440270526e-09,
        "std": 0.9030851409308315
      },
      "42": {
        "mean": -5.760640459244571e-09,
        "std": 0.8886800550654759
      },
      "43": {
        "mean": -1.814649678013654e-09,
        "std": 0.8540938821512101
      },
      "44": {
        "mean": 8.851287084146271e-09,
        "std": 0.8434714393818791
      },
      "45": {
        "mean": 6.422575345099316e-10,
        "std": 0.8330758488973637
      },
      "46": {
        "mean": -1.4888608938223787e-08,
        "std": 0.8149009389714067
      },
      "47": {
        "mean": 1.143964711333326e-08,
        "std": 0.8049830813736402
      },
      "48": {
        "mean": 1.7064274312378543e-09,
        "std": 0.792821664315259
      },
      "49": {
        "mean": -8.138980026508796e-09,
        "std": 0.7766465100728237
      },
      "50": {
        "mean": -4.315884551885304e-08,
        "std": 0.7647291103446998
      },
      "51": {
        "mean": -1.2972455373658802e-08,
        "std": 0.7569869196943596
      },
      "52": {
        "mean": -1.4570162008485734e-09,
        "std": 0.7510578505727425
      },
      "53": {
        "mean": 6.9855554524654914e-09,
        "std": 0.7350065745755009
      },
      "54": {
        "mean": -4.817536776752111e-10,
        "std": 0.7247520031825416
      },
      "55": {
        "mean": 9.71221790895633e-09,
        "std": 0.7174831923496487
      },
      "56": {
        "mean": -1.7972640166712018e-08,
        "std": 0.7142156477147575
      },