{
  "explained_variance": 0.989231526851654,
  "n_components_95": 83,
  "reduced_features_stats": {
    "mean": -2.1660182536464845e-09,
    "std": 1.2149564027786255,
    "min": -83.68968200683594,
    "max": 173.60369873046875,
    "shape": [
      7994,
      128
    ]
  },
  "feature_importance": {
    "component_0": 0.028335949406027794,
    "component_1": 0.04102028161287308,
    "component_2": 0.0313493013381958,
    "component_3": 0.05852588638663292,
    "component_4": 0.06463664770126343,
    "component_5": 0.05253049358725548,
    "component_6": 0.051798634231090546,
    "component_7": 0.05488615110516548,
    "component_8": 0.06371365487575531,
    "component_9": 0.06297698616981506,
    "component_10": 0.027447126805782318,
    "component_11": 0.05923698842525482,
    "component_12": 0.05733298882842064,
    "component_13": 0.048905860632658005,
    "component_14": 0.06112835556268692,
    "component_15": 0.06055426597595215,
    "component_16": 0.06302403658628464,
    "component_17": 0.06725926697254181,
    "component_18": 0.0659387931227684,
    "component_19": 0.0635109469294548,
    "component_20": 0.06626022607088089,
    "component_21": 0.06603029370307922,
    "component_22": 0.06527169793844223,
    "component_23": 0.0653894916176796,
    "component_24": 0.06384453922510147,
    "component_25": 0.06497088819742203,
    "component_26": 0.0652952566742897,
    "component_27": 0.06491062045097351,
    "component_28": 0.06342454254627228,
    "component_29": 0.06709258258342743,
    "component_30": 0.06327416747808456,
    "component_31": 0.06334944069385529,
    "component_32": 0.06227361410856247,
    "component_33": 0.06489825248718262,
    "component_34": 0.06230826675891876,
    "component_35": 0.06608376652002335,
    "component_36": 0.06687042117118835,
    "component_37": 0.06474039703607559,
    "component_38": 0.06416070461273193,
    "component_39": 0.06363539397716522,
    "component_40": 0.06575985252857208,
    "component_41": 0.06822159141302109,
    "component_42": 0.0673004686832428,
    "component_43": 0.0660676509141922,
    "component_44": 0.06734330952167511,
    "component_45": 0.06858733296394348,
    "component_46": 0.06632867455482483,
    "component_47": 0.06846779584884644,
    "component_48": 0.06587983667850494,
    "component_49": 0.066307932138443,
    "component_50": 0.06974787265062332,
    "component_51": 0.05582296475768089,
    "component_52": 0.05234614014625549,
    "component_53": 0.05855969339609146,
    "component_54": 0.06755919754505157,
    "component_55": 0.06542932987213135,
    "component_56": 0.05476350337266922,
    "component_57": 0.05561117082834244,
    "component_58": 0.061751458793878555,
    "component_59": 0.05423284322023392,
    "component_60": 0.0607231929898262,
    "component_61": 0.0594063475728035,
    "component_62": 0.05782400071620941,
    "component_63": 0.06348051130771637,
    "component_64": 0.057243604212999344,
    "component_65": 0.0672672837972641,
    "component_66": 0.06710898876190186,
    "component_67": 0.06430596858263016,
    "component_68": 0.061727125197649,
    "component_69": 0.06615646183490753,
    "component_70": 0.06977123022079468,
    "component_71": 0.03331802785396576,
    "component_72": 0.03433346748352051,
    "component_73": 0.06828832626342773,
    "component_74": 0.06460869312286377,
    "component_75": 0.06594131886959076,
    "component_76": 0.06966405361890793,
    "component_77": 0.06463950872421265,
    "component_78": 0.06618313491344452,
    "component_79": 0.05255809426307678,
    "component_80": 0.0508909747004509,
    "component_81": 0.06245444715023041,
    "component_82": 0.06444190442562103,
    "component_83": 0.06385338306427002,
    "component_84": 0.061470016837120056,
    "component_85": 0.06306874752044678,
    "component_86": 0.06480241566896439,
    "component_87": 0.06449100375175476,
    "component_88": 0.05731596797704697,
    "component_89": 0.06230608746409416,
    "component_90": 0.05838775262236595,
    "component_91": 0.06292957067489624,
    "component_92": 0.06511567533016205,
    "component_93": 0.05859421193599701,
    "component_94": 0.05493943765759468,
    "component_95": 0.06180687993764877,
    "component_96": 0.06405594199895859,
    "component_97": 0.059544116258621216,
    "component_98": 0.059136465191841125,
    "component_99": 0.0557822659611702,
    "component_100": 0.06331616640090942,
    "component_101": 0.04989200830459595,
    "component_102": 0.060098882764577866,
    "component_103": 0.0682385116815567,
    "component_104": 0.059877678751945496,
    "component_105": 0.059551119804382324,
    "component_106": 0.05259676277637482,
    "component_107": 0.045751601457595825,
    "component_108": 0.04961002245545387,
    "component_109": 0.05168584734201431,
    "component_110": 0.05136043578386307,
    "component_111": 0.043976571410894394,
    "component_112": 0.04692041501402855,
    "component_113": 0.049310944974422455,
    "component_114": 0.060348283499479294,
    "component_115": 0.046889811754226685,
    "component_116": 0.04326343908905983,
    "component_117": 0.04822676628828049,
    "component_118": 0.03890378773212433,
    "component_119": 0.0450555644929409,
    "component_120": 0.04071662202477455,
    "component_121": 0.03275729715824127,
    "component_122": 0.030427029356360435,
    "component_123": 0.03862627595663071,
    "component_124": 0.028922326862812042,
    "component_125": 0.03517783433198929,
    "component_126": 0.04092103987932205,
    "component_127": 0.030752666294574738,
    "component_128": 0.027857275679707527,
    "component_129": 0.043215759098529816,
    "component_130": 0.02877447009086609,
    "component_131": 0.03494533896446228,
    "component_132": 0.026794835925102234,
    "component_133": 0.02072928100824356,
    "component_134": 0.037846639752388,
    "component_135": 0.03063112497329712,
    "component_136": 0.02839812822639942,
    "component_137": 0.02436836063861847,
    "component_138": 0.028597768396139145,
    "component_139": 0.030011873692274094,
    "component_140": 0.023385101929306984,
    "component_141": 0.029494348913431168,
    "component_142": 0.026505177840590477,
    "component_143": 0.03492319583892822,
    "component_144": 0.02431562915444374,
    "component_145": 0.023057710379362106,
    "component_146": 0.02739861235022545,
    "component_147": 0.026873063296079636,
    "component_148": 0.05181651562452316,
    "component_149": 0.029146134853363037,
    "component_150": 0.02651170641183853,
    "component_151": 0.02756553888320923,
    "component_152": 0.027660813182592392,
    "component_153": 0.04912190139293671,
    "component_154": 0.026360929012298584,
    "component_155": 0.03987017273902893,
    "component_156": 0.03436943516135216,
    "component_157": 0.031468287110328674,
    "component_158": 0.038613975048065186,
    "component_159": 0.044364094734191895,
    "component_160": 0.057772766798734665,
    "component_161": 0.058761611580848694,
    "component_162": 0.05815973877906799,
    "component_163": 0.05805180221796036,
    "component_164": 0.05825749784708023,
    "component_165": 0.05539391189813614,
    "component_166": 0.05659867078065872,
    "component_167": 0.05487337335944176,
    "component_168": 0.05363204702734947,
    "component_169": 0.053832925856113434,
    "component_170": 0.05820123106241226,
    "component_171": 0.05770295858383179,
    "component_172": 0.05144108086824417,
    "component_173": 0.057132381945848465,
    "component_174": 0.05095303803682327,
    "component_175": 0.05499597638845444,
    "component_176": 0.05267283320426941,
    "component_177": 0.05413423478603363,
    "component_178": 0.056339412927627563,
    "component_179": 0.0531492754817009,
    "component_180": 0.057121120393276215,
    "component_181": 0.05375894159078598,
    "component_182": 0.05899212881922722,
    "component_183": 0.05614900588989258,
    "component_184": 0.03670334815979004,